1,Brady Henderson,"141 Washington Ave Extension, Albany NY 12205",BradyHenderson123@gmail.com,(880) 752-2173
2,Brady Hughes,"13858 Rt 31 W, Albion NY 14411",BradyHughes123@gmail.com,(642) 879-8924
3,Bobby Griffin,"2055 Niagara Falls Blvd, Amherst NY 14228",BobbyGriffin123@gmail.com,(384) 963-3616
4,Cian Wood,"101 Sanford Farm Shpg Center, Amsterdam NY 12010",CianWood123@gmail.com,(767) 274-2011
5,Alex Bennett,"297 Grant Avenue, Auburn NY 13021",AlexBennett123@gmail.com,(352) 734-6948
6,Alastair Campbell,"4133 Veterans Memorial Drive, Batavia NY 14020",AlastairCampbell123@gmail.com,(704) 445-2785
7,Clifton Scott,"6265 Brockport Spencerport Rd, Brockport NY 14420",CliftonScott123@gmail.com,(944) 635-0374
8, Ali Mercy,"5399 W Genesse St, Camillus NY 13031",AliMercy123@gmail.com,(758) 449-5633
9,Bobby Clark,"3191 County rd 10, Canandaigua NY 14424",BobbyClark123@gmail.com,(732) 841-0322
10, Benton Hill,"30 Catskill, Catskill NY 12414",BentonHill123@gmail.com,(674) 771-2927
11,Blane Moore,"161 Centereach Mall, Centereach NY 11720",BlaneMoore123@gmail.com,(864) 923-6791
12,Bowen Ross,"3018 East Ave, Central Square NY 13036",BowenRoss123@gmail.com,(635) 921-0165
13,Blane Johnson,"100 Thruway Plaza, Cheektowaga NY 14225",BlaneJohnson123@gmail.com,(316) 441-8802
14,Abdul Carter,"8064 Brewerton Rd, Cicero NY 13039",AbdulCarter123@gmail.com,(817) 433-6507
15,Bob Scott,"5033 Transit Road, Clarence NY 14031",BobScott123@gmail.com,(802) 519-7421
16,Benji Stewart,"3949 Route 31, Clay NY 13041",BenjiStewart123@gmail.com,(380) 269-8688
17,Chester Thompson,"139 Merchant Place, Cobleskill NY 12043",ChesterThompson123@gmail.com,(963) 247-8067
18,Chuck Garcia,"85 Crooked Hill Road, Commack NY 11725",ChuckGarcia123@gmail.com,(595) 461-8535
19,Chuck Bennett,"872 Route 13, Cortlandville NY 13045",ChuckBennett123@gmail.com,(643) 339-5079
20,Cian Mercy,"279 Troy Road, East Greenbush NY 12061",CianMercy123@gmail.com,(492) 302-7796
21,Boss Green,"2465 Hempstead Turnpike, East Meadow NY 11554",BossGreen123@gmail.com,(672) 723-4320
22,Benji Davis,"6438 Basile Rowe, East Syracuse NY 13057",BenjiDavis123@gmail.com,(599) 962-1382
23,Braden Garcia,"25737 US Rt 11, Evans Mills NY 13637",BradenGarcia123@gmail.com,(960) 469-4165
24,Alain Sanders,"901 Route 110, Farmingdale NY 11735",AlainSanders123@gmail.com,(640) 923-8686
25,Bobby Davis,"2400 Route 9, Fishkill NY 12524",BobbyDavis123@gmail.com,(690) 273-7704
26,Colin Stewart,"10401 Bennett Road, Fredonia NY 14063",ColinStewart123@gmail.com,(699) 832-1590
27,Braden Wood,"1818 State Route 3, Fulton NY 13069",BradenWood123@gmail.com,(600) 430-9500
28,Brady Thompson,"4300 Lakeville Road, Geneseo NY 14454",BradyThompson123@gmail.com,(856) 478-3020
29,Chuck Anderson,"990 Route 5 20, Geneva NY 14456",ChuckAnderson123@gmail.com,(793) 808-0062
30,Benton Hill,"311 RT 9W, Glenmont NY 12077",BentonHill123@gmail.com,(572) 887-1321
31,Cian Green,"200 Dutch Meadows Ln, Glenville NY 12302",CianGreen123@gmail.com,(272) 390-8770
32,Benton Davis,"100 Elm Ridge Center Dr, Greece NY 14626",BentonDavis123@gmail.com,(769) 898-7841
33,Alex Bennett,"1549 Rt 9, Halfmoon NY 12065",AlexBennett123@gmail.com,(772) 791-2521
34,Braden Carter,"5360 Southwestern Blvd, Hamburg NY 14075",BradenCarter123@gmail.com,(550) 207-6541
35,Benji Stewart,"103 North Caroline St, Herkimer NY 13350",BenjiStewart123@gmail.com,(214) 727-4697
36,Alex Scott,"1000 State Route 36, Hornell NY 14843",AlexScott123@gmail.com,(402) 748-3007
37,Braden Green,"1400 County Rd 64, Horseheads NY 14845",BradenGreen123@gmail.com,(344) 689-9788
38,Chris Price,"135 Fairgrounds Memorial Pkwy, Ithaca NY 14850",ChrisPrice123@gmail.com,(289) 227-0828
39,Chuck Garcia,"2 Gannett Dr, Johnson City NY 13790",ChuckGarcia123@gmail.com,(325) 895-8765
40,Clinton Barnes,"233 5th Ave Ext, Johnstown NY 12095",ClintonBarnes123@gmail.com,(480) 866-0136
41,Colin Lopez,"601 Frank Stottile Blvd, Kingston NY 12401",ColinLopez123@gmail.com,(565) 563-9243
42,Braden Ross,"350 E Fairmount Ave, Lakewood NY 14750",BradenRoss123@gmail.com,(533) 538-6174
43,Aiden Ross,"4975 Transit Rd, Lancaster NY 14086",AidenRoss123@gmail.com,(554) 708-4012
44,Boss Ross,"579 Troy-Schenectady Road, Latham NY 12110",BossRoss123@gmail.com,(259) 958-5617
45,Alex Carter,"5783 So Transit Road, Lockport NY 14094",AlexCarter123@gmail.com,(205) 410-1200
46,Bert Carter,"7155 State Rt 12 S, Lowville NY 13367",BertCarter123@gmail.com,(934) 691-4654
47,Bobby Powell,"425 Route 31, Macedon NY 14502",BobbyPowell123@gmail.com,(738) 869-0498
48,Bobby Mercy,"3222 State Rt 11, Malone NY 12953",BobbyMercy123@gmail.com,(985) 209-4610
49,Alex Davis,"200 Sunrise Mall, Massapequa NY 11758",AlexDavis123@gmail.com,(731) 771-8486
50,Benji Scott,"43 Stephenville St, Massena NY 13662",BenjiScott123@gmail.com,(446) 913-3084
51,Bowen Carter,"685 Schillinger Rd, Mobile AL 36695",BowenCarter123@gmail.com,(435) 225-4839
52,Cian Davis,"3371 S Alabama Ave, Monroeville AL 36460",CianDavis123@gmail.com,(640) 816-3054
53,Brady Green,"10710 Chantilly Pkwy, Montgomery AL 36117",BradyGreen123@gmail.com,(713) 375-0658
54,Clifton Taylor,"3801 Eastern Blvd, Montgomery AL 36116",CliftonTaylor123@gmail.com,(719) 826-5781
55,Chris Garcia,"6495 Atlanta Hwy, Montgomery AL 36117",ChrisGarcia123@gmail.com,(941) 564-4180
56,Bob Ross,"851 Ann St, Montgomery AL 36107",BobRoss123@gmail.com,(231) 783-4172
57,Alastair Flores,"15445 Highway 24, Moulton AL 35650",AlastairFlores123@gmail.com,(311) 674-8357
58,Braden Lopez,"517 West Avalon Ave, Muscle Shoals AL 35661",BradenLopez123@gmail.com,(840) 838-0391
59,Aiden Taylor,"5710 Mcfarland Blvd, Northport AL 35476",AidenTaylor123@gmail.com,(213) 247-7440
60,Colin Hughes,"2453 2Nd Avenue East, Oneonta AL 35121",ColinHughes123@gmail.com,(947) 935-4710
61,Alastair Carter,"2900 Pepperrell Pkwy, Opelika AL 36801",AlastairCarter123@gmail.com,(508) 775-4607
62,Brady Thompson,"92 Plaza Lane, Oxford AL 36203",BradyThompson123@gmail.com,(796) 341-7616
63,Cody Flores,"1537 Hwy 231 South, Ozark AL 36360",CodyFlores123@gmail.com,(623) 271-2305
64,Boss Henderson,"2181 Pelham Pkwy, Pelham AL 35124",BossHenderson123@gmail.com,(465) 962-3248
65,Chester Lopez,"165 Vaughan Ln, Pell City AL 35125",ChesterLopez123@gmail.com,(883) 559-8987
66,Bob Hill,"3700 Hwy 280-431 N, Phenix City AL 36867",BobHill123@gmail.com,(490) 341-8597
67,Benji Bennett,"1903 Cobbs Ford Rd, Prattville AL 36066",BenjiBennett123@gmail.com,(661) 570-6070
68,Abdul Lopez,"4180 Us Hwy 431, Roanoke AL 36274",AbdulLopez123@gmail.com,(421) 840-4707
69,Chris Flores,"13675 Hwy 43, Russellville AL 35653",ChrisFlores123@gmail.com,(432) 526-6596
70,Alfonse Coleman,"1095 Industrial Pkwy, Saraland AL 36571",AlfonseColeman123@gmail.com,(739) 457-3213
71,Abdul Carter,"24833 Johnt Reidprkw, Scottsboro AL 35768",AbdulCarter123@gmail.com,(302) 865-0520
72,Alastair Clark,"1501 Hwy 14 East, Selma AL 36703",AlastairClark123@gmail.com,(378) 231-0576
73,Boss Powell,"7855 Moffett Rd, Semmes AL 36575",BossPowell123@gmail.com,(701) 667-1501
74,Abdul Stewart,"150 Springville Station Blvd, Springville AL 35146",AbdulStewart123@gmail.com,(380) 825-7985
75,Bobby Price,"690 Hwy 78, Sumiton AL 35148",BobbyPrice123@gmail.com,(803) 596-4001
